{"train_time": 207.81316781044006, "test_auc": 1.0, "test_time": 2.1299238204956055, "test_scores": [[0, 1, 0.6735286116600037], [1, 1, 0.5309239625930786], [2, 1, 0.5761309862136841], [3, 1, 0.38719189167022705], [4, 1, 0.3775889277458191], [5, 1, 0.16065795719623566], [6, 1, 0.15122593939304352], [7, 1, 0.09169760346412659], [8, 1, 0.08587966859340668], [9, 1, 0.04746277630329132], [10, 1, 0.13275370001792908], [11, 1, 0.04346374794840813], [12, 1, 0.09954337030649185], [13, 1, 0.25817999243736267], [14, 1, 0.29185760021209717], [15, 1, 0.20029506087303162], [16, 1, 0.18497559428215027], [17, 1, 0.19745951890945435], [18, 1, 0.16379189491271973], [19, 1, 0.14616182446479797], [20, 1, 0.1411670744419098], [21, 1, 0.14924630522727966], [22, 1, 0.15502193570137024], [23, 1, 0.19659823179244995], [24, 1, 0.13779108226299286], [25, 1, 0.12284262478351593], [26, 1, 0.13776522874832153], [27, 1, 0.14542768895626068], [28, 1, 0.1016678661108017], [29, 1, 0.11787974834442139], [30, 1, 0.08185786753892899], [31, 1, 0.10069072246551514], [32, 1, 0.08115685731172562], [33, 1, 0.06991195678710938], [34, 1, 0.06996338814496994], [35, 1, 0.04793627932667732], [36, 1, 0.057693809270858765], [37, 1, 0.09277191758155823], [38, 1, 0.07254886627197266], [39, 1, 0.08421476185321808], [40, 1, 0.04841477796435356], [41, 1, 0.040794745087623596], [42, 1, 0.028402220457792282], [43, 1, 0.04687950760126114], [44, 1, 0.054022498428821564], [45, 1, 0.07174105197191238], [46, 1, 0.02922975644469261], [47, 1, 0.041202038526535034], [48, 1, 0.054421477019786835], [49, 1, 0.027639325708150864], [50, 0, 0.007772564888000488], [51, 0, 0.007476349826902151], [52, 0, 0.007205367088317871], [53, 0, 0.006811478640884161], [54, 0, 0.00801241397857666], [55, 0, 0.008946927264332771], [56, 0, 0.011220276355743408], [57, 0, 0.009891482070088387], [58, 0, 0.01004914939403534], [59, 0, 0.010850992053747177], [60, 0, 0.009344828315079212], [61, 0, 0.009992928244173527], [62, 0, 0.009563229978084564], [63, 0, 0.008193224668502808], [64, 0, 0.007761877030134201], [65, 0, 0.007159288506954908], [66, 0, 0.007545914500951767], [67, 0, 0.009050234220921993], [68, 0, 0.007954495027661324], [69, 0, 0.00845971517264843], [70, 0, 0.008254055865108967], [71, 0, 0.008354486897587776], [72, 0, 0.008233529515564442], [73, 0, 0.008581554517149925], [74, 0, 0.00820135697722435], [75, 0, 0.010585900396108627], [76, 0, 0.0098007433116436], [77, 0, 0.008674736134707928], [78, 0, 0.008433748036623001], [79, 0, 0.007202078588306904], [80, 0, 0.007567700929939747], [81, 0, 0.009126836434006691], [82, 0, 0.007961852476000786], [83, 0, 0.009284010156989098], [84, 0, 0.00908456090837717], [85, 0, 0.008073106408119202], [86, 0, 0.008854882791638374], [87, 0, 0.008593132719397545], [88, 0, 0.009807252325117588], [89, 0, 0.008190352469682693], [90, 0, 0.009569904766976833], [91, 0, 0.006506798788905144], [92, 0, 0.007699410431087017], [93, 0, 0.009104577824473381], [94, 0, 0.009777925908565521], [95, 0, 0.009659850969910622], [96, 0, 0.019357556477189064], [97, 0, 0.01634923741221428], [98, 0, 0.01215766929090023], [99, 0, 0.01225268468260765], [100, 1, 0.06975895166397095], [101, 1, 0.048944320529699326], [102, 1, 0.0472780242562294], [103, 1, 0.05424890294671059], [104, 1, 0.05199865996837616], [105, 1, 0.03524871915578842], [106, 1, 0.06306903064250946], [107, 1, 0.036650627851486206], [108, 1, 0.04022935777902603], [109, 1, 0.03772403299808502], [110, 1, 0.05545831844210625], [111, 1, 0.04114030301570892], [112, 1, 0.09427589178085327], [113, 1, 0.12151436507701874], [114, 1, 0.08478384464979172], [115, 1, 0.037286899983882904], [116, 1, 0.06779652833938599], [117, 1, 0.06466007232666016], [118, 1, 0.04347769916057587], [119, 1, 0.028561001643538475], [120, 1, 0.05373770743608475], [121, 1, 0.047714728862047195], [122, 1, 0.04812377691268921], [123, 1, 0.03395044803619385], [124, 1, 0.06993519514799118], [125, 1, 0.08111482858657837], [126, 1, 0.031812749803066254], [127, 1, 0.051678068935871124], [128, 1, 0.07214424014091492], [129, 1, 0.05199626833200455], [130, 1, 0.05052522197365761], [131, 1, 0.04831217974424362], [132, 1, 0.05891452357172966], [133, 1, 0.05102529376745224], [134, 1, 0.04423323646187782], [135, 1, 0.04915826767683029], [136, 1, 0.05358297377824783], [137, 0, 0.0074659413658082485], [138, 0, 0.007863698527216911], [139, 0, 0.00782985519617796], [140, 0, 0.007071507629007101], [141, 0, 0.007310984656214714], [142, 0, 0.00784260407090187], [143, 0, 0.010859030298888683], [144, 0, 0.007520521990954876], [145, 0, 0.013590500690042973], [146, 0, 0.009655160829424858], [147, 0, 0.00808647833764553], [148, 0, 0.009792725555598736], [149, 0, 0.011068734340369701], [150, 0, 0.008755553513765335], [151, 0, 0.010287512093782425], [152, 0, 0.009553461335599422], [153, 0, 0.009334075264632702], [154, 0, 0.010250130668282509], [155, 0, 0.00888211838901043], [156, 0, 0.009554354473948479], [157, 0, 0.010150190442800522], [158, 0, 0.01175097655504942], [159, 0, 0.009755181148648262], [160, 0, 0.012981025502085686], [161, 0, 0.011235039681196213], [162, 0, 0.009809019044041634], [163, 0, 0.00845426507294178], [164, 0, 0.013294046744704247], [165, 0, 0.01288880966603756], [166, 0, 0.009618526324629784], [167, 0, 0.0106795784085989], [168, 0, 0.01098774466663599], [169, 0, 0.00992521271109581], [170, 0, 0.014530688524246216], [171, 0, 0.011446175165474415], [172, 0, 0.013116152957081795], [173, 0, 0.011756205931305885], [174, 0, 0.009824193082749844], [175, 0, 0.009680114686489105], [176, 0, 0.013073140755295753], [177, 0, 0.010523941367864609], [178, 0, 0.01814093440771103], [179, 0, 0.011158222332596779], [180, 0, 0.014782870188355446], [181, 0, 0.013476695865392685], [182, 0, 0.01172368973493576], [183, 0, 0.011190707795321941], [184, 0, 0.014244279824197292], [185, 0, 0.0117108765989542], [186, 0, 0.01220019906759262], [187, 1, 0.141640305519104], [188, 1, 0.19262799620628357], [189, 1, 0.13046522438526154], [190, 1, 0.1301676481962204], [191, 1, 0.11073257029056549], [192, 1, 0.161001056432724], [193, 1, 0.14468145370483398], [194, 1, 0.16792377829551697], [195, 1, 0.14442524313926697], [196, 1, 0.11585472524166107], [197, 1, 0.1343235969543457], [198, 1, 0.1329130232334137], [199, 1, 0.12444373965263367]]}