{"train_time": 961.7760379314423, "test_auc": 0.49275, "test_time": 0.9344301223754883, "test_scores": [[0, 1.0, 0.02041044272482395], [1, 1.0, 0.008517345413565636], [2, 1.0, 0.04618178308010101], [3, 1.0, 0.012382613494992256], [4, 1.0, 0.010406538844108582], [5, 1.0, 0.009032703936100006], [6, 1.0, 0.011740809306502342], [7, 1.0, 0.011928942054510117], [8, 1.0, 0.016608206555247307], [9, 1.0, 0.010545514523983002], [10, 0.0, 0.026470404118299484], [11, 0.0, 0.02190852165222168], [12, 0.0, 0.017908118665218353], [13, 0.0, 0.012067941017448902], [14, 0.0, 0.01037653535604477], [15, 0.0, 0.05292138829827309], [16, 0.0, 0.0068208384327590466], [17, 0.0, 0.01703285053372383], [18, 0.0, 0.011770334094762802], [19, 0.0, 0.023555852472782135], [20, 1.0, 0.04474056512117386], [21, 1.0, 0.01762133091688156], [22, 1.0, 0.017364736646413803], [23, 1.0, 0.017902735620737076], [24, 1.0, 0.013930780813097954], [25, 1.0, 0.01283717155456543], [26, 1.0, 0.02128557488322258], [27, 1.0, 0.017539668828248978], [28, 1.0, 0.02804296836256981], [29, 1.0, 0.01125708594918251], [30, 0.0, 0.04729142040014267], [31, 0.0, 0.010352810844779015], [32, 0.0, 0.017490677535533905], [33, 0.0, 0.01648256927728653], [34, 0.0, 0.01216521579772234], [35, 0.0, 0.011021587997674942], [36, 0.0, 0.04012586921453476], [37, 0.0, 0.01649034395813942], [38, 0.0, 0.024180831387639046], [39, 0.0, 0.05982089415192604], [40, 1.0, 0.010271748527884483], [41, 1.0, 0.01582016423344612], [42, 1.0, 0.014789383858442307], [43, 1.0, 0.008966643363237381], [44, 1.0, 0.01101207360625267], [45, 1.0, 0.023194724693894386], [46, 1.0, 0.05469201132655144], [47, 1.0, 0.0345698744058609], [48, 1.0, 0.02739313617348671], [49, 1.0, 0.03082839399576187], [50, 1.0, 0.024266451597213745], [51, 1.0, 0.015834715217351913], [52, 1.0, 0.009626851417124271], [53, 1.0, 0.012438299134373665], [54, 1.0, 0.04199375957250595], [55, 1.0, 0.036013055592775345], [56, 1.0, 0.009135406464338303], [57, 1.0, 0.016044119372963905], [58, 1.0, 0.016370076686143875], [59, 1.0, 0.014975572004914284], [60, 0.0, 0.01982417330145836], [61, 0.0, 0.014120763167738914], [62, 0.0, 0.0211990624666214], [63, 0.0, 0.00964257214218378], [64, 0.0, 0.012874116189777851], [65, 0.0, 0.023035451769828796], [66, 0.0, 0.020950956270098686], [67, 0.0, 0.02470976673066616], [68, 0.0, 0.011983036994934082], [69, 0.0, 0.017881173640489578], [70, 0.0, 0.012264352291822433], [71, 0.0, 0.01491951011121273], [72, 0.0, 0.013876272365450859], [73, 0.0, 0.030764874070882797], [74, 0.0, 0.01490182988345623], [75, 0.0, 0.008862996473908424], [76, 0.0, 0.009638743475079536], [77, 0.0, 0.0174243226647377], [78, 0.0, 0.019289739429950714], [79, 0.0, 0.0160970501601696], [80, 0.0, 0.027679044753313065], [81, 0.0, 0.01944061368703842], [82, 0.0, 0.05016430467367172], [83, 0.0, 0.007407056633383036], [84, 0.0, 0.05489858239889145], [85, 0.0, 0.025634486228227615], [86, 0.0, 0.016001630574464798], [87, 0.0, 0.014999926090240479], [88, 0.0, 0.011429761536419392], [89, 0.0, 0.029248738661408424], [90, 0.0, 0.011410608887672424], [91, 0.0, 0.01140500232577324], [92, 0.0, 0.029910773038864136], [93, 0.0, 0.014007270336151123], [94, 0.0, 0.02013738825917244], [95, 0.0, 0.012516465038061142], [96, 0.0, 0.02550746314227581], [97, 0.0, 0.022876232862472534], [98, 0.0, 0.06078609824180603], [99, 0.0, 0.01724115200340748], [100, 0.0, 0.02564632147550583], [101, 0.0, 0.026313381269574165], [102, 0.0, 0.013947422616183758], [103, 0.0, 0.007485948037356138], [104, 0.0, 0.012234780937433243], [105, 0.0, 0.017263786867260933], [106, 0.0, 0.05710909143090248], [107, 0.0, 0.015223979018628597], [108, 0.0, 0.03296995535492897], [109, 0.0, 0.011419573798775673], [110, 0.0, 0.0066817025654017925], [111, 0.0, 0.0097600556910038], [112, 0.0, 0.01535642147064209], [113, 0.0, 0.013482612557709217], [114, 0.0, 0.020991746336221695], [115, 0.0, 0.012350792065262794], [116, 0.0, 0.01150430366396904], [117, 0.0, 0.01993023231625557], [118, 0.0, 0.017862427979707718], [119, 0.0, 0.01724131777882576], [120, 0.0, 0.014030169695615768], [121, 0.0, 0.018735874444246292], [122, 0.0, 0.007383432704955339], [123, 0.0, 0.011560739018023014], [124, 0.0, 0.011086317710578442], [125, 0.0, 0.015244321897625923], [126, 0.0, 0.03297549858689308], [127, 0.0, 0.010606123134493828], [128, 0.0, 0.010563740506768227], [129, 0.0, 0.01995295286178589], [130, 0.0, 0.009058088064193726], [131, 0.0, 0.011689077131450176], [132, 0.0, 0.008212605491280556], [133, 0.0, 0.08292347192764282], [134, 0.0, 0.011877859011292458], [135, 0.0, 0.015130443498492241], [136, 0.0, 0.00968928262591362], [137, 0.0, 0.025837266817688942], [138, 0.0, 0.021379835903644562], [139, 0.0, 0.017674583941698074]]}