{"train_time": 999.2318382263184, "test_auc": 0.44125000000000003, "test_time": 1.0553677082061768, "test_scores": [[0, 1.0, 0.019737357273697853], [1, 1.0, 0.015444941818714142], [2, 1.0, 0.11343206465244293], [3, 1.0, 0.01954597979784012], [4, 1.0, 0.0172666534781456], [5, 1.0, 0.017122510820627213], [6, 1.0, 0.01287158951163292], [7, 1.0, 0.015448544174432755], [8, 1.0, 0.01956176944077015], [9, 1.0, 0.011685600504279137], [10, 0.0, 0.02739012986421585], [11, 0.0, 0.02216070517897606], [12, 0.0, 0.024506669491529465], [13, 0.0, 0.011636696755886078], [14, 0.0, 0.014461852610111237], [15, 0.0, 0.08535163104534149], [16, 0.0, 0.010404274798929691], [17, 0.0, 0.025493085384368896], [18, 0.0, 0.018047606572508812], [19, 0.0, 0.02721289172768593], [20, 1.0, 0.043474648147821426], [21, 1.0, 0.021657947450876236], [22, 1.0, 0.024290235713124275], [23, 1.0, 0.024500977247953415], [24, 1.0, 0.01808994635939598], [25, 1.0, 0.013964438810944557], [26, 1.0, 0.014899850822985172], [27, 1.0, 0.02188352309167385], [28, 1.0, 0.03132471814751625], [29, 1.0, 0.013961118645966053], [30, 0.0, 0.03693192079663277], [31, 0.0, 0.014666817151010036], [32, 0.0, 0.023239992558956146], [33, 0.0, 0.03962733596563339], [34, 0.0, 0.013197403401136398], [35, 0.0, 0.013655737042427063], [36, 0.0, 0.06238770857453346], [37, 0.0, 0.014149646274745464], [38, 0.0, 0.03769306838512421], [39, 0.0, 0.07173974812030792], [40, 1.0, 0.01358906552195549], [41, 1.0, 0.017351917922496796], [42, 1.0, 0.008886994794011116], [43, 1.0, 0.012465910986065865], [44, 1.0, 0.013452054932713509], [45, 1.0, 0.014029817655682564], [46, 1.0, 0.051442619413137436], [47, 1.0, 0.02344532683491707], [48, 1.0, 0.042141761630773544], [49, 1.0, 0.040402963757514954], [50, 1.0, 0.040001362562179565], [51, 1.0, 0.021877417340874672], [52, 1.0, 0.01600830629467964], [53, 1.0, 0.01701214537024498], [54, 1.0, 0.08176089078187943], [55, 1.0, 0.04426197335124016], [56, 1.0, 0.016560297459363937], [57, 1.0, 0.020633189007639885], [58, 1.0, 0.02252872660756111], [59, 1.0, 0.020548895001411438], [60, 0.0, 0.02411622740328312], [61, 0.0, 0.013619095087051392], [62, 0.0, 0.02753402851521969], [63, 0.0, 0.012240979820489883], [64, 0.0, 0.024299394339323044], [65, 0.0, 0.051802754402160645], [66, 0.0, 0.022794922813773155], [67, 0.0, 0.026029951870441437], [68, 0.0, 0.01608087867498398], [69, 0.0, 0.023815270513296127], [70, 0.0, 0.015433874912559986], [71, 0.0, 0.017585353925824165], [72, 0.0, 0.01607959158718586], [73, 0.0, 0.04153349995613098], [74, 0.0, 0.017342310398817062], [75, 0.0, 0.012890891171991825], [76, 0.0, 0.018082568421959877], [77, 0.0, 0.02380671724677086], [78, 0.0, 0.037284769117832184], [79, 0.0, 0.022608790546655655], [80, 0.0, 0.04682491719722748], [81, 0.0, 0.029705170542001724], [82, 0.0, 0.07284333556890488], [83, 0.0, 0.012238583527505398], [84, 0.0, 0.13992317020893097], [85, 0.0, 0.028737656772136688], [86, 0.0, 0.022948041558265686], [87, 0.0, 0.020458564162254333], [88, 0.0, 0.013824563473463058], [89, 0.0, 0.025177979841828346], [90, 0.0, 0.020095713436603546], [91, 0.0, 0.012794637121260166], [92, 0.0, 0.03168299049139023], [93, 0.0, 0.019249483942985535], [94, 0.0, 0.02863640896975994], [95, 0.0, 0.020574893802404404], [96, 0.0, 0.027452468872070312], [97, 0.0, 0.022647757083177567], [98, 0.0, 0.03513084352016449], [99, 0.0, 0.018880493938922882], [100, 0.0, 0.03692077845335007], [101, 0.0, 0.032402098178863525], [102, 0.0, 0.01952414959669113], [103, 0.0, 0.012510914355516434], [104, 0.0, 0.01668788120150566], [105, 0.0, 0.021737612783908844], [106, 0.0, 0.041592009365558624], [107, 0.0, 0.015982022508978844], [108, 0.0, 0.04403964430093765], [109, 0.0, 0.020062895491719246], [110, 0.0, 0.011209692806005478], [111, 0.0, 0.012583994306623936], [112, 0.0, 0.028116898611187935], [113, 0.0, 0.01959850639104843], [114, 0.0, 0.04154256731271744], [115, 0.0, 0.015173823572695255], [116, 0.0, 0.016156120225787163], [117, 0.0, 0.02228141389787197], [118, 0.0, 0.017747066915035248], [119, 0.0, 0.02193995751440525], [120, 0.0, 0.02105480432510376], [121, 0.0, 0.026717055588960648], [122, 0.0, 0.0143129862844944], [123, 0.0, 0.014273729175329208], [124, 0.0, 0.01580083929002285], [125, 0.0, 0.03772777318954468], [126, 0.0, 0.03551243990659714], [127, 0.0, 0.018159471452236176], [128, 0.0, 0.016404209658503532], [129, 0.0, 0.023682143539190292], [130, 0.0, 0.014523162506520748], [131, 0.0, 0.015936721116304398], [132, 0.0, 0.019145186990499496], [133, 0.0, 0.1362091451883316], [134, 0.0, 0.02086399681866169], [135, 0.0, 0.017770133912563324], [136, 0.0, 0.01832089200615883], [137, 0.0, 0.020017556846141815], [138, 0.0, 0.029120750725269318], [139, 0.0, 0.021101953461766243]]}