{"train_time": 2330.9037792682648, "test_auc": 0.5617500000000001, "test_time": 3.6324002742767334, "test_scores": [[0, 1.0, 0.3142021596431732], [1, 1.0, 0.22487416863441467], [2, 1.0, 0.22219409048557281], [3, 1.0, 0.2043970376253128], [4, 1.0, 0.23538827896118164], [5, 1.0, 0.15500156581401825], [6, 1.0, 0.21290138363838196], [7, 1.0, 0.1878563016653061], [8, 1.0, 0.19458983838558197], [9, 1.0, 0.19447322189807892], [10, 0.0, 0.5141127705574036], [11, 0.0, 0.22182013094425201], [12, 0.0, 0.2018812596797943], [13, 0.0, 0.24969787895679474], [14, 0.0, 0.191010981798172], [15, 0.0, 0.33960163593292236], [16, 0.0, 0.180878147482872], [17, 0.0, 0.221760094165802], [18, 0.0, 0.19200736284255981], [19, 0.0, 0.19131767749786377], [20, 1.0, 0.21193674206733704], [21, 1.0, 0.21933157742023468], [22, 1.0, 0.24291405081748962], [23, 1.0, 0.27996695041656494], [24, 1.0, 0.2099473923444748], [25, 1.0, 0.2758326530456543], [26, 1.0, 0.3991731107234955], [27, 1.0, 0.18479765951633453], [28, 1.0, 0.33730170130729675], [29, 1.0, 0.24998964369297028], [30, 0.0, 2.066426992416382], [31, 0.0, 0.24854175746440887], [32, 0.0, 0.2505856454372406], [33, 0.0, 0.20080628991127014], [34, 0.0, 0.20709462463855743], [35, 0.0, 0.22231292724609375], [36, 0.0, 0.2392299920320511], [37, 0.0, 0.16474649310112], [38, 0.0, 0.1844496726989746], [39, 0.0, 0.29230549931526184], [40, 1.0, 0.2076990157365799], [41, 1.0, 0.19373612105846405], [42, 1.0, 0.21672488749027252], [43, 1.0, 0.13951364159584045], [44, 1.0, 0.09262296557426453], [45, 1.0, 0.26197534799575806], [46, 1.0, 0.2478509396314621], [47, 1.0, 0.219199538230896], [48, 1.0, 0.1755778193473816], [49, 1.0, 0.3764098584651947], [50, 1.0, 0.16535022854804993], [51, 1.0, 0.23190996050834656], [52, 1.0, 0.2962280511856079], [53, 1.0, 0.17282715439796448], [54, 1.0, 0.19662445783615112], [55, 1.0, 0.2294236570596695], [56, 1.0, 0.2545093297958374], [57, 1.0, 0.16161610186100006], [58, 1.0, 0.18781915307044983], [59, 1.0, 0.22873346507549286], [60, 0.0, 0.22850020229816437], [61, 0.0, 0.1812761425971985], [62, 0.0, 0.18060587346553802], [63, 0.0, 0.1639251410961151], [64, 0.0, 0.21497346460819244], [65, 0.0, 0.1997736692428589], [66, 0.0, 0.17786404490470886], [67, 0.0, 0.14757926762104034], [68, 0.0, 0.1635826975107193], [69, 0.0, 0.14439409971237183], [70, 0.0, 0.17424814403057098], [71, 0.0, 0.2761867940425873], [72, 0.0, 0.2759377658367157], [73, 0.0, 0.19913196563720703], [74, 0.0, 0.20434997975826263], [75, 0.0, 0.1571488380432129], [76, 0.0, 0.19255156815052032], [77, 0.0, 0.2134595662355423], [78, 0.0, 0.26671648025512695], [79, 0.0, 0.1889863759279251], [80, 0.0, 0.1867760866880417], [81, 0.0, 0.20925280451774597], [82, 0.0, 0.1923881322145462], [83, 0.0, 0.19118043780326843], [84, 0.0, 0.3412042260169983], [85, 0.0, 0.19634827971458435], [86, 0.0, 0.13137513399124146], [87, 0.0, 0.243668332695961], [88, 0.0, 0.19414269924163818], [89, 0.0, 0.2552124261856079], [90, 0.0, 0.23935659229755402], [91, 0.0, 0.1761750876903534], [92, 0.0, 0.23358416557312012], [93, 0.0, 0.20063181221485138], [94, 0.0, 0.2864876687526703], [95, 0.0, 0.18180398643016815], [96, 0.0, 0.2714487314224243], [97, 0.0, 0.20314137637615204], [98, 0.0, 2.2004642486572266], [99, 0.0, 0.20081175863742828], [100, 0.0, 0.21074877679347992], [101, 0.0, 0.20367242395877838], [102, 0.0, 0.2856132686138153], [103, 0.0, 0.3004548251628876], [104, 0.0, 0.21630023419857025], [105, 0.0, 0.17859067022800446], [106, 0.0, 0.4307367503643036], [107, 0.0, 0.16463790833950043], [108, 0.0, 0.33151373267173767], [109, 0.0, 0.17931973934173584], [110, 0.0, 0.188029944896698], [111, 0.0, 0.20629829168319702], [112, 0.0, 0.2160877287387848], [113, 0.0, 0.23305904865264893], [114, 0.0, 0.2577511668205261], [115, 0.0, 0.20878039300441742], [116, 0.0, 0.2045315057039261], [117, 0.0, 0.1598387062549591], [118, 0.0, 0.19454936683177948], [119, 0.0, 0.27104178071022034], [120, 0.0, 0.22356295585632324], [121, 0.0, 0.1392202377319336], [122, 0.0, 0.17938144505023956], [123, 0.0, 0.11466963589191437], [124, 0.0, 0.24050626158714294], [125, 0.0, 0.2035050392150879], [126, 0.0, 0.29814985394477844], [127, 0.0, 0.22226020693778992], [128, 0.0, 0.21736633777618408], [129, 0.0, 0.2418157011270523], [130, 0.0, 0.15917432308197021], [131, 0.0, 0.165938600897789], [132, 0.0, 0.18462404608726501], [133, 0.0, 0.1803751438856125], [134, 0.0, 0.1428459882736206], [135, 0.0, 0.30577537417411804], [136, 0.0, 0.1410573571920395], [137, 0.0, 0.1571022868156433], [138, 0.0, 0.22838753461837769], [139, 0.0, 0.13838669657707214]]}