{"train_time": 697.299613237381, "test_auc": 0.5132500000000001, "test_time": 2.570343494415283, "test_scores": [[0, 0, 0.28728964924812317], [1, 0, 0.48698097467422485], [2, 0, 0.7401124835014343], [3, 0, 0.4995138645172119], [4, 0, 0.9012301564216614], [5, 0, 0.29967787861824036], [6, 0, 0.2891998887062073], [7, 0, 0.36801019310951233], [8, 0, 0.439964234828949], [9, 0, 0.4105476140975952], [10, 1, 0.6670159101486206], [11, 1, 0.6528028845787048], [12, 1, 0.34838297963142395], [13, 1, 0.6098513007164001], [14, 1, 0.504612922668457], [15, 1, 0.9835038185119629], [16, 1, 0.8300263285636902], [17, 1, 0.7639541029930115], [18, 1, 0.7560579180717468], [19, 1, 0.5109695196151733], [20, 0, 0.585923433303833], [21, 0, 0.3442447781562805], [22, 0, 0.9998350739479065], [23, 0, 0.6641324758529663], [24, 0, 0.46575960516929626], [25, 0, 0.364505797624588], [26, 0, 0.5012489557266235], [27, 0, 1.0348210334777832], [28, 0, 0.8676602840423584], [29, 0, 0.8957391977310181], [30, 1, 0.8070070147514343], [31, 1, 0.5326344966888428], [32, 1, 0.32945770025253296], [33, 1, 0.42450931668281555], [34, 1, 0.25829219818115234], [35, 1, 0.5623855590820312], [36, 1, 1.2150167226791382], [37, 1, 0.31415101885795593], [38, 1, 0.9589357376098633], [39, 1, 0.1940348893404007], [40, 0, 0.5119301080703735], [41, 0, 1.0707817077636719], [42, 0, 0.2939669191837311], [43, 0, 0.40424636006355286], [44, 0, 0.7629055976867676], [45, 0, 0.32439136505126953], [46, 0, 0.6441138386726379], [47, 0, 0.7420306205749512], [48, 0, 0.45337581634521484], [49, 0, 0.3512902557849884], [50, 0, 0.5128222703933716], [51, 0, 0.3273133635520935], [52, 0, 0.2593803405761719], [53, 0, 0.6987152695655823], [54, 0, 0.28073200583457947], [55, 0, 0.6582027673721313], [56, 0, 0.5711677074432373], [57, 0, 0.6225772500038147], [58, 0, 0.2117917835712433], [59, 0, 0.5571281313896179], [60, 1, 0.5355057716369629], [61, 1, 0.617277204990387], [62, 1, 0.5156590938568115], [63, 1, 0.2034529596567154], [64, 1, 0.6380869150161743], [65, 1, 0.27523112297058105], [66, 1, 0.31832900643348694], [67, 1, 0.9025897979736328], [68, 1, 0.35706156492233276], [69, 1, 0.3383733630180359], [70, 1, 0.8131065368652344], [71, 1, 0.6416234970092773], [72, 1, 0.19245804846286774], [73, 1, 0.2367207556962967], [74, 1, 0.23296646773815155], [75, 1, 0.4978729784488678], [76, 1, 0.3282293379306793], [77, 1, 0.23116567730903625], [78, 1, 0.4429275393486023], [79, 1, 0.6234264969825745], [80, 1, 0.6927241086959839], [81, 1, 0.4931376278400421], [82, 1, 0.4380319118499756], [83, 1, 0.3213709890842438], [84, 1, 0.31321296095848083], [85, 1, 1.0987228155136108], [86, 1, 0.3656196594238281], [87, 1, 0.4716627597808838], [88, 1, 0.4307127892971039], [89, 1, 0.4229540526866913], [90, 1, 0.9780098795890808], [91, 1, 0.4143487811088562], [92, 1, 0.31230658292770386], [93, 1, 0.5276385545730591], [94, 1, 0.8312383890151978], [95, 1, 0.1494450718164444], [96, 1, 0.5764676928520203], [97, 1, 0.9500643610954285], [98, 1, 0.41379815340042114], [99, 1, 0.26495081186294556], [100, 1, 0.12109106779098511], [101, 1, 1.0143694877624512], [102, 1, 0.7884913086891174], [103, 1, 0.45555323362350464], [104, 1, 0.5223788619041443], [105, 1, 1.099420189857483], [106, 1, 0.6226986646652222], [107, 1, 0.4843357801437378], [108, 1, 0.3293497860431671], [109, 1, 0.47317013144493103], [110, 1, 0.36607104539871216], [111, 1, 0.8011621832847595], [112, 1, 0.5064770579338074], [113, 1, 0.7771570086479187], [114, 1, 0.6362006068229675], [115, 1, 1.028778314590454], [116, 1, 0.668719470500946], [117, 1, 0.7112173438072205], [118, 1, 0.4773999750614166], [119, 1, 0.46303680539131165], [120, 1, 0.3686356544494629], [121, 1, 0.7407008409500122], [122, 1, 0.49041253328323364], [123, 1, 0.5417826175689697], [124, 1, 0.6418539881706238], [125, 1, 0.7408061623573303], [126, 1, 0.38639944791793823], [127, 1, 0.40817639231681824], [128, 1, 0.418718159198761], [129, 1, 0.4240197539329529], [130, 1, 0.5670304298400879], [131, 1, 0.5154046416282654], [132, 1, 0.6476885676383972], [133, 1, 0.4773751497268677], [134, 1, 1.003110647201538], [135, 1, 0.539784848690033], [136, 1, 0.5518813729286194], [137, 1, 0.45480188727378845], [138, 1, 0.46929603815078735], [139, 1, 0.43070679903030396]]}