{"train_time": 309.7099153995514, "test_auc": 0.5277499999999999, "test_time": 3.632781744003296, "test_scores": [[0, 1.0, 0.9297780394554138], [1, 1.0, 0.4975926876068115], [2, 1.0, 0.7571280598640442], [3, 1.0, 0.6924282312393188], [4, 1.0, 0.6513410806655884], [5, 1.0, 0.6024746894836426], [6, 1.0, 0.714917778968811], [7, 1.0, 0.5626848340034485], [8, 1.0, 0.5301043391227722], [9, 1.0, 0.5791115760803223], [10, 0.0, 1.2913838624954224], [11, 0.0, 0.6666175723075867], [12, 0.0, 0.6146590709686279], [13, 0.0, 0.6672487258911133], [14, 0.0, 0.640581488609314], [15, 0.0, 0.9284689426422119], [16, 0.0, 0.5319744944572449], [17, 0.0, 0.6025031805038452], [18, 0.0, 0.414933979511261], [19, 0.0, 0.6049227714538574], [20, 1.0, 0.7010831832885742], [21, 1.0, 0.5836673378944397], [22, 1.0, 0.5253985524177551], [23, 1.0, 0.6883571147918701], [24, 1.0, 0.5615933537483215], [25, 1.0, 0.6961628198623657], [26, 1.0, 1.0553826093673706], [27, 1.0, 0.5090191960334778], [28, 1.0, 1.0106244087219238], [29, 1.0, 0.6887333393096924], [30, 0.0, 2.797327756881714], [31, 0.0, 0.8741695284843445], [32, 0.0, 0.8357160091400146], [33, 0.0, 0.637105405330658], [34, 0.0, 0.5048434734344482], [35, 0.0, 0.46819156408309937], [36, 0.0, 0.7262309193611145], [37, 0.0, 0.5170488953590393], [38, 0.0, 0.625246524810791], [39, 0.0, 0.8102840185165405], [40, 1.0, 0.5334483981132507], [41, 1.0, 0.7319249510765076], [42, 1.0, 0.6049298644065857], [43, 1.0, 0.4611113667488098], [44, 1.0, 0.43250662088394165], [45, 1.0, 0.8210833072662354], [46, 1.0, 0.8037450909614563], [47, 1.0, 0.8300597071647644], [48, 1.0, 0.4209260940551758], [49, 1.0, 1.0386111736297607], [50, 1.0, 0.538486659526825], [51, 1.0, 0.3703170418739319], [52, 1.0, 0.8497353792190552], [53, 1.0, 0.6419490575790405], [54, 1.0, 0.5555386543273926], [55, 1.0, 0.590330958366394], [56, 1.0, 0.8115312457084656], [57, 1.0, 0.48738834261894226], [58, 1.0, 0.6033456325531006], [59, 1.0, 0.5226337313652039], [60, 0.0, 0.7001338601112366], [61, 0.0, 0.4954228103160858], [62, 0.0, 0.4930623173713684], [63, 0.0, 0.5271176099777222], [64, 0.0, 0.6689515113830566], [65, 0.0, 0.5098055601119995], [66, 0.0, 0.557599663734436], [67, 0.0, 0.5681479573249817], [68, 0.0, 0.5287656188011169], [69, 0.0, 0.49196159839630127], [70, 0.0, 0.5513641834259033], [71, 0.0, 0.8232479095458984], [72, 0.0, 0.8789371252059937], [73, 0.0, 0.6250380873680115], [74, 0.0, 0.6092477440834045], [75, 0.0, 0.5047123432159424], [76, 0.0, 0.5885860919952393], [77, 0.0, 0.6303962469100952], [78, 0.0, 0.7172006964683533], [79, 0.0, 0.6395118832588196], [80, 0.0, 0.7181583642959595], [81, 0.0, 0.6707962155342102], [82, 0.0, 0.6314615607261658], [83, 0.0, 0.6023299098014832], [84, 0.0, 1.0411386489868164], [85, 0.0, 0.5952599048614502], [86, 0.0, 0.508730947971344], [87, 0.0, 0.8699905872344971], [88, 0.0, 0.5117344260215759], [89, 0.0, 0.9639905691146851], [90, 0.0, 0.7569237351417542], [91, 0.0, 0.5333033800125122], [92, 0.0, 0.5894755721092224], [93, 0.0, 0.4903317093849182], [94, 0.0, 0.7023316025733948], [95, 0.0, 0.6399882435798645], [96, 0.0, 0.7625661492347717], [97, 0.0, 0.6053847670555115], [98, 0.0, 2.9277701377868652], [99, 0.0, 0.6289430856704712], [100, 0.0, 0.7146733999252319], [101, 0.0, 0.5496484637260437], [102, 0.0, 0.8294550776481628], [103, 0.0, 0.4594131410121918], [104, 0.0, 0.6118606925010681], [105, 0.0, 0.6464868187904358], [106, 0.0, 1.1381438970565796], [107, 0.0, 0.5008482933044434], [108, 0.0, 0.8024353981018066], [109, 0.0, 0.41493892669677734], [110, 0.0, 0.5978503823280334], [111, 0.0, 0.5101456046104431], [112, 0.0, 0.5255345702171326], [113, 0.0, 0.5893096923828125], [114, 0.0, 0.7079631090164185], [115, 0.0, 0.534459114074707], [116, 0.0, 0.6605877876281738], [117, 0.0, 0.5282922387123108], [118, 0.0, 0.6077464818954468], [119, 0.0, 0.8343450427055359], [120, 0.0, 0.4928748309612274], [121, 0.0, 0.3994341492652893], [122, 0.0, 0.4095126986503601], [123, 0.0, 0.3211345672607422], [124, 0.0, 0.8034505248069763], [125, 0.0, 0.5641661882400513], [126, 0.0, 0.7528102397918701], [127, 0.0, 0.6877780556678772], [128, 0.0, 0.48039618134498596], [129, 0.0, 0.9133104681968689], [130, 0.0, 0.39267438650131226], [131, 0.0, 0.5248280167579651], [132, 0.0, 0.5522421598434448], [133, 0.0, 0.6215518712997437], [134, 0.0, 0.5024805068969727], [135, 0.0, 0.7574625015258789], [136, 0.0, 0.3870490789413452], [137, 0.0, 0.5408312678337097], [138, 0.0, 0.8178961873054504], [139, 0.0, 0.4574810564517975]]}