{"train_time": 2307.539380311966, "test_auc": 0.5395, "test_time": 3.7959096431732178, "test_scores": [[0, 1.0, 0.07542078197002411], [1, 1.0, 0.05694478750228882], [2, 1.0, 0.0430888757109642], [3, 1.0, 0.06474292278289795], [4, 1.0, 0.06564002484083176], [5, 1.0, 0.039469607174396515], [6, 1.0, 0.04393375292420387], [7, 1.0, 0.05549531430006027], [8, 1.0, 0.0569537915289402], [9, 1.0, 0.04213046282529831], [10, 0.0, 0.15753807127475739], [11, 0.0, 0.06797514110803604], [12, 0.0, 0.04813447967171669], [13, 0.0, 0.06365396827459335], [14, 0.0, 0.0594451017677784], [15, 0.0, 0.08633892238140106], [16, 0.0, 0.04221201688051224], [17, 0.0, 0.05964532867074013], [18, 0.0, 0.05224989354610443], [19, 0.0, 0.042573705315589905], [20, 1.0, 0.0560627281665802], [21, 1.0, 0.05830317363142967], [22, 1.0, 0.04689376801252365], [23, 1.0, 0.09299440681934357], [24, 1.0, 0.05689486116170883], [25, 1.0, 0.07787664979696274], [26, 1.0, 0.10016316175460815], [27, 1.0, 0.04764322191476822], [28, 1.0, 0.11859773099422455], [29, 1.0, 0.07383804023265839], [30, 0.0, 1.1990067958831787], [31, 0.0, 0.07888780534267426], [32, 0.0, 0.05378089100122452], [33, 0.0, 0.05607762932777405], [34, 0.0, 0.05599473416805267], [35, 0.0, 0.05699947103857994], [36, 0.0, 0.05232381448149681], [37, 0.0, 0.05594645440578461], [38, 0.0, 0.03785035386681557], [39, 0.0, 0.07419896125793457], [40, 1.0, 0.050265029072761536], [41, 1.0, 0.05621472746133804], [42, 1.0, 0.04948920011520386], [43, 1.0, 0.03313867747783661], [44, 1.0, 0.039659202098846436], [45, 1.0, 0.07649579644203186], [46, 1.0, 0.06605219841003418], [47, 1.0, 0.057282064110040665], [48, 1.0, 0.046201784163713455], [49, 1.0, 0.1017376258969307], [50, 1.0, 0.05662469193339348], [51, 1.0, 0.07389875501394272], [52, 1.0, 0.060336634516716], [53, 1.0, 0.04627663269639015], [54, 1.0, 0.05455530434846878], [55, 1.0, 0.05118764936923981], [56, 1.0, 0.05254044756293297], [57, 1.0, 0.04438476637005806], [58, 1.0, 0.046423640102148056], [59, 1.0, 0.06346272677183151], [60, 0.0, 0.055267609655857086], [61, 0.0, 0.05579725280404091], [62, 0.0, 0.05453632399439812], [63, 0.0, 0.05149354785680771], [64, 0.0, 0.05366646498441696], [65, 0.0, 0.06710638105869293], [66, 0.0, 0.04861020669341087], [67, 0.0, 0.0461588054895401], [68, 0.0, 0.04023980349302292], [69, 0.0, 0.03289923816919327], [70, 0.0, 0.05381253734230995], [71, 0.0, 0.05648258328437805], [72, 0.0, 0.054903678596019745], [73, 0.0, 0.03648068755865097], [74, 0.0, 0.07000929117202759], [75, 0.0, 0.04694844037294388], [76, 0.0, 0.05314547196030617], [77, 0.0, 0.05145212635397911], [78, 0.0, 0.08323206752538681], [79, 0.0, 0.040302637964487076], [80, 0.0, 0.05916215851902962], [81, 0.0, 0.0433855839073658], [82, 0.0, 0.04255613684654236], [83, 0.0, 0.03928932920098305], [84, 0.0, 0.07135613262653351], [85, 0.0, 0.05964798480272293], [86, 0.0, 0.05356037989258766], [87, 0.0, 0.05104794353246689], [88, 0.0, 0.04397568851709366], [89, 0.0, 0.05655163526535034], [90, 0.0, 0.048119720071554184], [91, 0.0, 0.04617142677307129], [92, 0.0, 0.061929114162921906], [93, 0.0, 0.05344013497233391], [94, 0.0, 0.09044355154037476], [95, 0.0, 0.05398799851536751], [96, 0.0, 0.056010544300079346], [97, 0.0, 0.0468205101788044], [98, 0.0, 1.3381178379058838], [99, 0.0, 0.04586559534072876], [100, 0.0, 0.04216821491718292], [101, 0.0, 0.05886848643422127], [102, 0.0, 0.06778176873922348], [103, 0.0, 0.07123784720897675], [104, 0.0, 0.051052242517471313], [105, 0.0, 0.036022335290908813], [106, 0.0, 0.10436650365591049], [107, 0.0, 0.04378172755241394], [108, 0.0, 0.08799786865711212], [109, 0.0, 0.06807563453912735], [110, 0.0, 0.06055986136198044], [111, 0.0, 0.04356476664543152], [112, 0.0, 0.07127970457077026], [113, 0.0, 0.06391914933919907], [114, 0.0, 0.06722191721200943], [115, 0.0, 0.07323257625102997], [116, 0.0, 0.04205266386270523], [117, 0.0, 0.044256601482629776], [118, 0.0, 0.05804573744535446], [119, 0.0, 0.06851475685834885], [120, 0.0, 0.061477553099393845], [121, 0.0, 0.03783978149294853], [122, 0.0, 0.06113250553607941], [123, 0.0, 0.038831476122140884], [124, 0.0, 0.0600334107875824], [125, 0.0, 0.06814713776111603], [126, 0.0, 0.072868712246418], [127, 0.0, 0.05001324787735939], [128, 0.0, 0.07202879339456558], [129, 0.0, 0.06206803396344185], [130, 0.0, 0.05328918993473053], [131, 0.0, 0.04352724552154541], [132, 0.0, 0.04205332323908806], [133, 0.0, 0.0440777949988842], [134, 0.0, 0.05274205282330513], [135, 0.0, 0.06897281110286713], [136, 0.0, 0.04507111757993698], [137, 0.0, 0.02990366891026497], [138, 0.0, 0.05862477421760559], [139, 0.0, 0.03205049782991409]]}